player,rank,points,url_perfil
J. Sinner,1,13350,https://www.atptour.com/en/players/jannik-sinner/s0ag/overview
C. Alcaraz,2,13240,https://www.atptour.com/en/players/carlos-alcaraz/a0e2/overview
A. Zverev,3,5555,https://www.atptour.com/en/players/alexander-zverev/z355/overview
N. Djokovic,4,4710,https://www.atptour.com/en/players/novak-djokovic/d643/overview
F. Auger-Aliassime,5,4100,https://www.atptour.com/en/players/felix-auger-aliassime/ag37/overview
B. Shelton,6,3900,https://www.atptour.com/en/players/ben-shelton/s0s1/overview
A. de Minaur,7,3895,https://www.atptour.com/en/players/alex-de-minaur/dh58/overview
T. Fritz,8,3870,https://www.atptour.com/en/players/taylor-fritz/fb98/overview
L. Musetti,9,3625,https://www.atptour.com/en/players/lorenzo-musetti/m0ej/overview
D. Medvedev,10,3560,https://www.atptour.com/en/players/daniil-medvedev/mm58/overview
A. Bublik,11,3445,https://www.atptour.com/en/players/alexander-bublik/bk92/overview
C. Ruud,12,2625,https://www.atptour.com/en/players/casper-ruud/rh16/overview
J. Lehecka,13,2540,https://www.atptour.com/en/players/jiri-lehecka/l0bv/overview
K. Khachanov,14,2410,https://www.atptour.com/en/players/karen-khachanov/ke29/overview
A. Rublev,15,2350,https://www.atptour.com/en/players/andrey-rublev/re44/overview
F. Cobolli,16,2320,https://www.atptour.com/en/players/flavio-cobolli/c0e9/overview
V. Vacherot,17,2168,https://www.atptour.com/en/players/valentin-vacherot/va25/overview
T. Paul,18,2065,https://www.atptour.com/en/players/tommy-paul/pl56/overview
F. Cerundolo,19,2020,https://www.atptour.com/en/players/francisco-cerundolo/c0au/overview
F. Tiafoe,20,1965,https://www.atptour.com/en/players/frances-tiafoe/td51/overview
L. Darderi,21,1920,https://www.atptour.com/en/players/luciano-darderi/d0fj/overview
L. Tien,22,1885,https://www.atptour.com/en/players/learner-tien/t0ha/overview
A. Davidovich Fokina,23,1870,https://www.atptour.com/en/players/alejandro-davidovich-fokina/dh50/overview
C. Norrie,24,1778,https://www.atptour.com/en/players/cameron-norrie/n771/overview
J. Mensik,25,1700,https://www.atptour.com/en/players/jakub-mensik/m0ni/overview
A. Rinderknech,26,1676,https://www.atptour.com/en/players/arthur-rinderknech/rc91/overview
H. Rune,27,1620,https://www.atptour.com/en/players/holger-rune/r0dg/overview
J. Draper,28,1610,https://www.atptour.com/en/players/jack-draper/d0co/overview
T. Etcheverry,29,1590,https://www.atptour.com/en/players/tomas-martin-etcheverry/ea24/overview
A. Fils,30,1440,https://www.atptour.com/en/players/arthur-fils/f0f1/overview
C. Moutet,31,1433,https://www.atptour.com/en/players/corentin-moutet/mw02/overview
T. Griekspoor,32,1430,https://www.atptour.com/en/players/tallon-griekspoor/gj37/overview
B. Nakashima,33,1385,https://www.atptour.com/en/players/brandon-nakashima/n0ae/overview
U. Humbert,34,1320,https://www.atptour.com/en/players/ugo-humbert/hh26/overview
J. Fonseca,35,1315,https://www.atptour.com/en/players/joao-fonseca/f0fv/overview
A. Michelsen,36,1200,https://www.atptour.com/en/players/alex-michelsen/m0qi/overview
G. Diallo,37,1175,https://www.atptour.com/en/players/gabriel-diallo/d0f6/overview
J. Munar,38,1175,https://www.atptour.com/en/players/jaume-munar/mu94/overview
D. Shapovalov,39,1120,https://www.atptour.com/en/players/denis-shapovalov/su55/overview
Z. Bergs,40,1110,https://www.atptour.com/en/players/zizou-bergs/bu13/overview
T. Atmane,41,1108,https://www.atptour.com/en/players/terence-atmane/a0gc/overview
F. Marozsan,42,1105,https://www.atptour.com/en/players/fabian-marozsan/m0ci/overview
S. Korda,43,1100,https://www.atptour.com/en/players/sebastian-korda/k0ah/overview
M. Navone,44,1085,https://www.atptour.com/en/players/mariano-navone/n0bs/overview
A. Tabilo,45,1068,https://www.atptour.com/en/players/alejandro-tabilo/te30/overview
A. Mannarino,46,1025,https://www.atptour.com/en/players/adrian-mannarino/me82/overview
T. Machac,47,980,https://www.atptour.com/en/players/tomas-machac/m0fh/overview
M. Cilic,48,950,https://www.atptour.com/en/players/marin-cilic/c977/overview
B. van de Zandschulp,49,931,https://www.atptour.com/en/players/botic-van-de-zandschulp/v812/overview
E. Quinn,50,927,https://www.atptour.com/en/players/ethan-quinn/q02l/overview
Y. Hanfmann,51,899,https://www.atptour.com/en/players/yannick-hanfmann/h997/overview
N. Borges,52,895,https://www.atptour.com/en/players/nuno-borges/bt72/overview
G. Mpetshi Perricard,53,890,https://www.atptour.com/en/players/giovanni-mpetshi-perricard/m0gz/overview
M. Fucsovics,54,887,https://www.atptour.com/en/players/marton-fucsovics/f724/overview
R. Jodar,55,886,https://www.atptour.com/en/players/rafael-jodar/j0dz/overview
D. Altmaier,56,880,https://www.atptour.com/en/players/daniel-altmaier/ae14/overview
S. Baez,57,880,https://www.atptour.com/en/players/sebastian-baez/b0bi/overview
M. Kecmanovic,58,875,https://www.atptour.com/en/players/miomir-kecmanovic/ki95/overview
A. Popyrin,59,870,https://www.atptour.com/en/players/alexei-popyrin/p09z/overview
I. Buse,60,864,https://www.atptour.com/en/players/ignacio-buse/b0id/overview
R. Burruchaga,61,860,https://www.atptour.com/en/players/roman-andres-burruchaga/b0fv/overview
J. Brooksby,62,852,https://www.atptour.com/en/players/jenson-brooksby/b0cd/overview
H. Hurkacz,63,845,https://www.atptour.com/en/players/hubert-hurkacz/hb71/overview
C. Ugo Carabelli,64,825,https://www.atptour.com/en/players/camilo-ugo-carabelli/u182/overview
R. Collignon,65,818,https://www.atptour.com/en/players/raphael-collignon/c0jp/overview
L. Sonego,66,810,https://www.atptour.com/en/players/lorenzo-sonego/su87/overview
S. Tsitsipas,67,805,https://www.atptour.com/en/players/stefanos-tsitsipas/te51/overview
R. Opelka,68,803,https://www.atptour.com/en/players/reilly-opelka/o522/overview
J. Cerundolo,69,803,https://www.atptour.com/en/players/juan-manuel-cerundolo/c0c8/overview
J. Duckworth,70,784,https://www.atptour.com/en/players/james-duckworth/d994/overview
A. Cazaux,71,777,https://www.atptour.com/en/players/arthur-cazaux/c0h0/overview
A. Blockx,72,772,https://www.atptour.com/en/players/alexander-blockx/b0pg/overview
K. Majchrzak,73,767,https://www.atptour.com/en/players/kamil-majchrzak/mq75/overview
T. Tirante,74,765,https://www.atptour.com/en/players/thiago-agustin-tirante/t0a1/overview
A. Shevchenko,75,751,https://www.atptour.com/en/players/alexander-shevchenko/s0h2/overview
M. Giron,76,750,https://www.atptour.com/en/players/marcos-giron/gc88/overview
V. Royer,77,742,https://www.atptour.com/en/players/valentin-royer/r0eb/overview
V. Kopriva,78,738,https://www.atptour.com/en/players/vit-kopriva/ki82/overview
M. Bellucci,79,734,https://www.atptour.com/en/players/mattia-bellucci/b0gg/overview
M. Trungelliti,80,732,https://www.atptour.com/en/players/marco-trungelliti/ta29/overview
J. Struff,81,709,https://www.atptour.com/en/players/jan-lennard-struff/sl28/overview
D. Dzumhur,82,694,https://www.atptour.com/en/players/damir-dzumhur/d923/overview
C. Garin,83,679,https://www.atptour.com/en/players/cristian-garin/gd64/overview
Z. Svajda,84,674,https://www.atptour.com/en/players/zachary-svajda/s0k7/overview
E. Spizzirri,85,674,https://www.atptour.com/en/players/eliot-spizzirri/s0ja/overview
S. Ofner,86,673,https://www.atptour.com/en/players/sebastian-ofner/o513/overview
D. Prizmic,87,670,https://www.atptour.com/en/players/dino-prizmic/p0hw/overview
H. Medjedovic,88,664,https://www.atptour.com/en/players/hamad-medjedovic/m0jf/overview
A. Vukic,89,663,https://www.atptour.com/en/players/aleksandar-vukic/v832/overview
Q. Halys,90,650,https://www.atptour.com/en/players/quentin-halys/hb64/overview
M. Berrettini,91,650,https://www.atptour.com/en/players/matteo-berrettini/bk40/overview
F. Comesana,92,649,https://www.atptour.com/en/players/francisco-comesana/c0df/overview
R. Bautista Agut,93,649,https://www.atptour.com/en/players/roberto-bautista-agut/bd06/overview
P. Carreno Busta,94,646,https://www.atptour.com/en/players/pablo-carreno-busta/cd85/overview
A. Muller,95,641,https://www.atptour.com/en/players/alexandre-muller/mp20/overview
P. Kypson,96,640,https://www.atptour.com/en/players/patrick-kypson/k0a3/overview
A. Vallejo,97,640,https://www.atptour.com/en/players/adolfo-daniel-vallejo/v0dp/overview
J. Fearnley,98,639,https://www.atptour.com/en/players/jacob-fearnley/f0by/overview
A. Kovacevic,99,636,https://www.atptour.com/en/players/aleksandar-kovacevic/k0az/overview
L. Van Assche,100,635,https://www.atptour.com/en/players/luca-van-assche/v0dz/overview
M. Landaluce,101,634,https://www.atptour.com/en/players/martin-landaluce/l0il/overview
Y. Wu,102,634,https://www.atptour.com/en/players/yibing-wu/wb32/overview
R. Hijikata,103,632,https://www.atptour.com/en/players/rinky-hijikata/h0bh/overview
D. Merida,104,625,https://www.atptour.com/en/players/daniel-merida/m0n7/overview
M. Arnaldi,105,621,https://www.atptour.com/en/players/matteo-arnaldi/a0fc/overview
B. Bonzi,106,616,https://www.atptour.com/en/players/benjamin-bonzi/bm95/overview
S. Wawrinka,107,608,https://www.atptour.com/en/players/stan-wawrinka/w367/overview
J. de Jong,108,600,https://www.atptour.com/en/players/jesper-de-jong/d0c1/overview
A. Walton,109,595,https://www.atptour.com/en/players/adam-walton/w09e/overview
S. Shimabukuro,110,588,https://www.atptour.com/en/players/sho-shimabukuro/sy67/overview
F. Misolic,111,583,https://www.atptour.com/en/players/filip-misolic/m0jz/overview
E. Nava,112,580,https://www.atptour.com/en/players/emilio-nava/n0am/overview
F. Maestrelli,113,577,https://www.atptour.com/en/players/francesco-maestrelli/m0if/overview
T. Droguet,114,571,https://www.atptour.com/en/players/titouan-droguet/d0dw/overview
T. Schoolkate,115,558,https://www.atptour.com/en/players/tristan-schoolkate/s0n0/overview
H. Gaston,116,555,https://www.atptour.com/en/players/hugo-gaston/g09o/overview
J. Choinski,117,524,https://www.atptour.com/en/players/jan-choinski/ch12/overview
N. Basilashvili,118,516,https://www.atptour.com/en/players/nikoloz-basilashvili/bg23/overview
C. Taberner,119,512,https://www.atptour.com/en/players/carlos-taberner/te16/overview
T. Barrios Vera,120,506,https://www.atptour.com/en/players/tomas-barrios-vera/bs86/overview
C. Wong,121,503,https://www.atptour.com/en/players/coleman-wong/w0bh/overview
V. Gaubas,122,503,https://www.atptour.com/en/players/vilius-gaubas/g0fw/overview
M. McDonald,123,501,https://www.atptour.com/en/players/mackenzie-mcdonald/mk66/overview
M. Damm,124,499,https://www.atptour.com/en/players/martin-damm/d0dt/overview
P. Martinez,125,496,https://www.atptour.com/en/players/pedro-martinez/mo44/overview
H. Rocha,126,496,https://www.atptour.com/en/players/henrique-rocha/r0go/overview
S. Mochizuki,127,495,https://www.atptour.com/en/players/shintaro-mochizuki/m0hu/overview
D. Svrcina,128,491,https://www.atptour.com/en/players/dalibor-svrcina/s0gd/overview
E. Moller,129,489,https://www.atptour.com/en/players/elmer-moller/m0k4/overview
O. Virtanen,130,487,https://www.atptour.com/en/players/otto-virtanen/v0am/overview
A. Pellegrino,131,484,https://www.atptour.com/en/players/andrea-pellegrino/ph64/overview
D. Sweeny,132,462,https://www.atptour.com/en/players/dane-sweeny/s0ia/overview
J. Pinnington Jones,133,461,https://www.atptour.com/en/players/jack-pinnington-jones/p0ht/overview
D. Lajovic,134,459,https://www.atptour.com/en/players/dusan-lajovic/l987/overview
G. Dimitrov,135,455,https://www.atptour.com/en/players/grigor-dimitrov/d875/overview
S. Travaglia,136,454,https://www.atptour.com/en/players/stefano-travaglia/ta12/overview
B. Gojo,137,453,https://www.atptour.com/en/players/borna-gojo/gh92/overview
A. Gea,138,451,https://www.atptour.com/en/players/arthur-gea/g0ix/overview
N. Budkov Kjaer,139,451,https://www.atptour.com/en/players/nicolai-budkov-kjaer/b0u4/overview
L. Nardi,140,444,https://www.atptour.com/en/players/luca-nardi/n0bg/overview
C. O'Connell,141,443,https://www.atptour.com/en/players/christopher-o'connell/o483/overview
J. Faria,142,443,https://www.atptour.com/en/players/jaime-faria/f0f2/overview
J. Thompson,143,438,https://www.atptour.com/en/players/jordan-thompson/tc61/overview
Z. Piros,144,435,https://www.atptour.com/en/players/zsombor-piros/p09o/overview
C. Rodesch,145,434,https://www.atptour.com/en/players/chris-rodesch/r0e0/overview
M. Echargui,146,433,https://www.atptour.com/en/players/moez-echargui/ea13/overview
F. Passaro,147,431,https://www.atptour.com/en/players/francesco-passaro/p0ct/overview
B. Harris,148,427,https://www.atptour.com/en/players/billy-harris/hd68/overview
K. Jacquet,149,423,https://www.atptour.com/en/players/kyrian-jacquet/j0az/overview
N. Mejia,150,423,https://www.atptour.com/en/players/nicolas-mejia/m0aw/overview
P. Llamas Ruiz,151,419,https://www.atptour.com/en/players/pablo-llamas-ruiz/l0cx/overview
M. Zheng,152,414,https://www.atptour.com/en/players/michael-zheng/z0bz/overview
L. Harris,153,413,https://www.atptour.com/en/players/lloyd-harris/hg86/overview
A. Bolt,154,407,https://www.atptour.com/en/players/alex-bolt/bi81/overview
N. Jarry,155,403,https://www.atptour.com/en/players/nicolas-jarry/j551/overview
H. Dellien,156,403,https://www.atptour.com/en/players/hugo-dellien/da31/overview
L. Draxl,157,402,https://www.atptour.com/en/players/liam-draxl/d0dp/overview
L. Klein,158,386,https://www.atptour.com/en/players/lukas-klein/ki63/overview
C. Tseng,159,383,https://www.atptour.com/en/players/chun-hsin-tseng/t0ap/overview
U. Blanchet,160,381,https://www.atptour.com/en/players/ugo-blanchet/bv16/overview
R. Sakamoto,161,381,https://www.atptour.com/en/players/rei-sakamoto/s0uv/overview
A. Fery,162,380,https://www.atptour.com/en/players/arthur-fery/f0dm/overview
T. Samuel,163,378,https://www.atptour.com/en/players/toby-samuel/s0tm/overview
J. Rodionov,164,378,https://www.atptour.com/en/players/jurij-rodionov/r09x/overview
M. Lajal,165,377,https://www.atptour.com/en/players/mark-lajal/l0gh/overview
A. Molcan,166,376,https://www.atptour.com/en/players/alex-molcan/mv14/overview
G. Zeppieri,167,374,https://www.atptour.com/en/players/giulio-zeppieri/z0a1/overview
A. Barrena,168,362,https://www.atptour.com/en/players/alex-barrena/b0gy/overview
L. Riedi,169,359,https://www.atptour.com/en/players/leandro-riedi/r0fs/overview
J. Kym,170,354,https://www.atptour.com/en/players/jerome-kym/k0ep/overview
Y. Nishioka,171,351,https://www.atptour.com/en/players/yoshihito-nishioka/n732/overview
E. Ymer,172,349,https://www.atptour.com/en/players/elias-ymer/y218/overview
J. Schwaerzler,173,348,https://www.atptour.com/en/players/joel-schwaerzler/s0wt/overview
N. Basavareddy,174,343,https://www.atptour.com/en/players/nishesh-basavareddy/b0nn/overview
Y. Bu,175,342,https://www.atptour.com/en/players/yunchaokete-bu/y09v/overview
C. Chidekh,176,339,https://www.atptour.com/en/players/clement-chidekh/c0bh/overview
D. Glinka,177,338,https://www.atptour.com/en/players/daniil-glinka/g0by/overview
F. Diaz Acosta,178,336,https://www.atptour.com/en/players/facundo-diaz-acosta/d0cg/overview
D. Goffin,179,335,https://www.atptour.com/en/players/david-goffin/gb88/overview
L. Mikrut,180,335,https://www.atptour.com/en/players/luka-mikrut/m0n1/overview
G. Den Ouden,181,333,https://www.atptour.com/en/players/guy-den-ouden/d0h9/overview
Z. Kolar,182,331,https://www.atptour.com/en/players/zdenek-kolar/kh56/overview
H. Mayot,183,328,https://www.atptour.com/en/players/harold-mayot/m0g4/overview
J. Engel,184,323,https://www.atptour.com/en/players/justin-engel/e0dd/overview
F. Gomez,185,322,https://www.atptour.com/en/players/federico-agustin-gomez/gj16/overview
M. Cecchinato,186,322,https://www.atptour.com/en/players/marco-cecchinato/cf01/overview
G. Bueno,187,319,https://www.atptour.com/en/players/gonzalo-bueno/b0gr/overview
A. Holmgren,188,311,https://www.atptour.com/en/players/august-holmgren/h09n/overview
C. Smith,189,308,https://www.atptour.com/en/players/colton-smith/s0ze/overview
J. Ficovich,190,306,https://www.atptour.com/en/players/juan-pablo-ficovich/fa43/overview
B. Tomic,191,305,https://www.atptour.com/en/players/bernard-tomic/ta46/overview
M. Gigante,192,303,https://www.atptour.com/en/players/matteo-gigante/g0gd/overview
L. Neumayer,193,303,https://www.atptour.com/en/players/lukas-neumayer/n0cs/overview
J. Clarke,194,301,https://www.atptour.com/en/players/jay-clarke/ci14/overview
T. Skatov,195,300,https://www.atptour.com/en/players/timofey-skatov/s0gr/overview
C. Tabur,196,297,https://www.atptour.com/en/players/clement-tabur/t09x/overview
J. Prado Angelo,197,297,https://www.atptour.com/en/players/juan-carlos-prado-angelo/p0iy/overview
G. Olivieri,198,292,https://www.atptour.com/en/players/genaro-alberto-olivieri/o660/overview
R. Bertola,199,292,https://www.atptour.com/en/players/remy-bertola/bu70/overview
G. Monfils,200,290,https://www.atptour.com/en/players/gael-monfils/mc65/overview
D. Evans,201,288,https://www.atptour.com/en/players/daniel-evans/e687/overview
R. Carballes Baena,202,286,https://www.atptour.com/en/players/roberto-carballes-baena/cf59/overview
A. Galarneau,203,286,https://www.atptour.com/en/players/alexis-galarneau/gk06/overview
F. Cina,204,285,https://www.atptour.com/en/players/federico-cina/c0nb/overview
M. Dodig,205,285,https://www.atptour.com/en/players/matej-dodig/d0l3/overview
G. Bailly,206,284,https://www.atptour.com/en/players/gilles-arnaud-bailly/b0qc/overview
L. Giustino,207,283,https://www.atptour.com/en/players/lorenzo-giustino/ga79/overview
V. Sachko,208,282,https://www.atptour.com/en/players/vitaliy-sachko/ss25/overview
H. Grenier,209,280,https://www.atptour.com/en/players/hugo-grenier/gf95/overview
G. Heide,210,278,https://www.atptour.com/en/players/gustavo-heide/h0du/overview
J. Reis Da Silva,211,275,https://www.atptour.com/en/players/joao-lucas-reis-da-silva/r0a7/overview
S. Sakellaridis,212,273,https://www.atptour.com/en/players/stefanos-sakellaridis/s0kt/overview
Y. Hsu,213,273,https://www.atptour.com/en/players/yu-hsiou-hsu/h09f/overview
L. Djere,214,272,https://www.atptour.com/en/players/laslo-djere/db63/overview
R. Noguchi,215,271,https://www.atptour.com/en/players/rio-noguchi/n09u/overview
L. Midon,216,271,https://www.atptour.com/en/players/lautaro-midon/m0oh/overview
A. Andrade,217,270,https://www.atptour.com/en/players/andy-andrade/ag08/overview
D. Added,218,265,https://www.atptour.com/en/players/dan-added/a09t/overview
I. Simakin,219,264,https://www.atptour.com/en/players/ilia-simakin/s0o6/overview
Y. Zhou,220,263,https://www.atptour.com/en/players/yi-zhou/z0cq/overview
L. Pavlovic,221,261,https://www.atptour.com/en/players/luka-pavlovic/p0ay/overview
O. Crawford,222,253,https://www.atptour.com/en/players/oliver-crawford/c0ak/overview
H. Wendelken,223,253,https://www.atptour.com/en/players/harry-wendelken/w0ah/overview
P. Herbert,224,250,https://www.atptour.com/en/players/pierre-hugues-herbert/h996/overview
A. Guillen Meza,225,250,https://www.atptour.com/en/players/alvaro-guillen-meza/g0dh/overview
R. Safiullin,226,248,https://www.atptour.com/en/players/roman-safiullin/sx50/overview
B. Coric,227,248,https://www.atptour.com/en/players/borna-coric/cg80/overview
F. Gill,228,247,https://www.atptour.com/en/players/felix-gill/g0eu/overview
P. Boscardin Dias,229,247,https://www.atptour.com/en/players/pedro-boscardin-dias/b0fi/overview
K. Coppejans,230,245,https://www.atptour.com/en/players/kimmer-coppejans/cg33/overview
T. Gentzsch,231,244,https://www.atptour.com/en/players/tom-gentzsch/g0ib/overview
G. Cadenasso,232,243,https://www.atptour.com/en/players/gianluca-cadenasso/c0nn/overview
J. Kubler,233,240,https://www.atptour.com/en/players/jason-kubler/kb95/overview
A. Moro Canas,234,239,https://www.atptour.com/en/players/alejandro-moro-canas/m0ht/overview
J. McCabe,235,237,https://www.atptour.com/en/players/james-mccabe/m0oq/overview
A. Collarini,236,236,https://www.atptour.com/en/players/andrea-collarini/cc66/overview
N. Fatic,237,234,https://www.atptour.com/en/players/nerman-fatic/f840/overview
K. Uchida,238,234,https://www.atptour.com/en/players/kaichi-uchida/u120/overview
Y. Watanuki,239,233,https://www.atptour.com/en/players/yosuke-watanuki/wb08/overview
S. Napolitano,240,232,https://www.atptour.com/en/players/stefano-napolitano/n679/overview
F. Ferreira Silva,241,231,https://www.atptour.com/en/players/frederico-ferreira-silva/sn54/overview
Z. Zhang,242,230,https://www.atptour.com/en/players/zhizhen-zhang/z371/overview
T. Boyer,243,228,https://www.atptour.com/en/players/tristan-boyer/b0ej/overview
F. Sun,244,228,https://www.atptour.com/en/players/fajing-sun/sx90/overview
D. Galan,245,226,https://www.atptour.com/en/players/daniel-elahi-galan/ge33/overview
D. Blanch,246,226,https://www.atptour.com/en/players/darwin-blanch/b0no/overview
G. Onclin,247,225,https://www.atptour.com/en/players/gauthier-onclin/o0a2/overview
G. Loffhagen,248,223,https://www.atptour.com/en/players/george-loffhagen/l0cf/overview
C. Broom,249,223,https://www.atptour.com/en/players/charles-broom/bv21/overview
L. Broady,250,223,https://www.atptour.com/en/players/liam-broady/bi23/overview
T. Seyboth Wild,251,222,https://www.atptour.com/en/players/thiago-seyboth-wild/sx91/overview
R. Brancaccio,252,219,https://www.atptour.com/en/players/raul-brancaccio/bv24/overview
M. Cassone,253,216,https://www.atptour.com/en/players/murphy-cassone/c0ht/overview
H. Squire,254,216,https://www.atptour.com/en/players/henri-squire/s0ak/overview
S. Rodriguez Taverna,255,215,https://www.atptour.com/en/players/santiago-rodriguez-taverna/rh59/overview
B. Holt,256,213,https://www.atptour.com/en/players/brandon-holt/h09p/overview
M. Houkes,257,213,https://www.atptour.com/en/players/max-houkes/h0cx/overview
D. Dedura,258,210,https://www.atptour.com/en/players/diego-dedura/d0lj/overview
S. Kozlov,259,209,https://www.atptour.com/en/players/stefan-kozlov/ke64/overview
M. Topo,260,208,https://www.atptour.com/en/players/marko-topo/t0fi/overview
G. Justo,261,208,https://www.atptour.com/en/players/guido-ivan-justo/j0aw/overview
P. Kotov,262,207,https://www.atptour.com/en/players/pavel-kotov/k09f/overview
J. Shang,263,205,https://www.atptour.com/en/players/juncheng-shang/s0re/overview
M. Mmoh,264,205,https://www.atptour.com/en/players/michael-mmoh/mp01/overview
R. Pacheco Mendez,265,204,https://www.atptour.com/en/players/rodrigo-pacheco-mendez/p0j1/overview
E. Butvilas,266,203,https://www.atptour.com/en/players/edas-butvilas/b0mm/overview
S. Gueymard Wayenburg,267,203,https://www.atptour.com/en/players/sascha-gueymard-wayenburg/g0gw/overview
I. Gakhov,268,202,https://www.atptour.com/en/players/ivan-gakhov/ge28/overview
D. Michalski,269,197,https://www.atptour.com/en/players/daniel-michalski/m0e1/overview
S. Dostanic,270,196,https://www.atptour.com/en/players/stefan-dostanic/d0d4/overview
M. Krueger,271,195,https://www.atptour.com/en/players/mitchell-krueger/kc12/overview
J. Monday,272,195,https://www.atptour.com/en/players/johannus-monday/m0on/overview
M. Damas,273,195,https://www.atptour.com/en/players/miguel-damas/d0cn/overview
A. Martin,274,194,https://www.atptour.com/en/players/andres-martin/m0np/overview
F. Jianu,275,194,https://www.atptour.com/en/players/filip-cristian-jianu/j09x/overview
F. Roncadelli,276,193,https://www.atptour.com/en/players/franco-roncadelli/r0bt/overview
F. Agamenone,277,192,https://www.atptour.com/en/players/franco-agamenone/aa27/overview
T. Monteiro,278,191,https://www.atptour.com/en/players/thiago-monteiro/mj08/overview
Y. Uchiyama,279,191,https://www.atptour.com/en/players/yasutaka-uchiyama/u134/overview
E. Coulibaly,280,191,https://www.atptour.com/en/players/eliakim-coulibaly/c0hb/overview
F. Bax,281,191,https://www.atptour.com/en/players/florent-bax/b0bu/overview
D. Rincon,282,189,https://www.atptour.com/en/players/daniel-rincon/r0fp/overview
M. Kukushkin,283,187,https://www.atptour.com/en/players/mikhail-kukushkin/k926/overview
P. Jubb,284,187,https://www.atptour.com/en/players/paul-jubb/j0a4/overview
M. Ribecai,285,185,https://www.atptour.com/en/players/michele-ribecai/r0jw/overview
M. Geerts,286,185,https://www.atptour.com/en/players/michael-geerts/gg65/overview
D. Ajdukovic,287,183,https://www.atptour.com/en/players/duje-ajdukovic/a0cj/overview
A. Nedic,288,182,https://www.atptour.com/en/players/andrej-nedic/n0db/overview
M. Dellien,289,182,https://www.atptour.com/en/players/murkel-dellien/dc48/overview
R. Bertrand,290,182,https://www.atptour.com/en/players/robin-bertrand/b0jj/overview
R. Peniston,291,180,https://www.atptour.com/en/players/ryan-peniston/ph78/overview
S. Nagal,292,179,https://www.atptour.com/en/players/sumit-nagal/n897/overview
I. Marcondes,293,179,https://www.atptour.com/en/players/igor-marcondes/rd48/overview
N. Sanchez Izquierdo,294,178,https://www.atptour.com/en/players/nikolas-sanchez-izquierdo/s0gz/overview
J. Varillas,295,176,https://www.atptour.com/en/players/juan-pablo-varillas/v836/overview
H. Barton,296,176,https://www.atptour.com/en/players/hynek-barton/b0ou/overview
F. Mena,297,174,https://www.atptour.com/en/players/facundo-mena/mj98/overview
A. Shelbayh,298,172,https://www.atptour.com/en/players/abdullah-shelbayh/s0nv/overview
T. Pereira,299,172,https://www.atptour.com/en/players/tiago-pereira/p0k4/overview
P. Henning,300,170,https://www.atptour.com/en/players/philip-henning/h0bf/overview
K. Smith,301,170,https://www.atptour.com/en/players/keegan-smith/s0dq/overview
D. Stricker,302,169,https://www.atptour.com/en/players/dominic-stricker/s0la/overview
M. Mrva,303,167,https://www.atptour.com/en/players/maxim-mrva/m0se/overview
M. Soto,304,167,https://www.atptour.com/en/players/matias-soto/s0ek/overview
B. Zhukayev,305,165,https://www.atptour.com/en/players/beibit-zhukayev/z09z/overview
L. Marmousez,306,165,https://www.atptour.com/en/players/lilian-marmousez/m0gy/overview
J. Forejtek,307,165,https://www.atptour.com/en/players/jonas-forejtek/f0bt/overview
D. Kuzmanov,308,165,https://www.atptour.com/en/players/dimitar-kuzmanov/kc33/overview
P. Martin Tiffon,309,163,https://www.atptour.com/en/players/pol-martin-tiffon/m0ea/overview
M. Poljicak,310,163,https://www.atptour.com/en/players/mili-poljicak/p0gq/overview
A. Martinez,311,163,https://www.atptour.com/en/players/alex-martinez/m0gb/overview
M. Basing,312,162,https://www.atptour.com/en/players/max-basing/b0je/overview
S. Kopp,313,162,https://www.atptour.com/en/players/sandro-kopp/k0cj/overview
P. Brunclik,314,161,https://www.atptour.com/en/players/petr-brunclik/b0ov/overview
T. Zink,315,161,https://www.atptour.com/en/players/tyler-zink/z0ak/overview
M. Rosenkranz,316,160,https://www.atptour.com/en/players/mats-rosenkranz/rh62/overview
M. Krumich,317,159,https://www.atptour.com/en/players/martin-krumich/k0fy/overview
M. Kasnikowski,318,158,https://www.atptour.com/en/players/maks-kasnikowski/k0hc/overview
J. Berrettini,319,158,https://www.atptour.com/en/players/jacopo-berrettini/bu10/overview
M. Martineau,320,158,https://www.atptour.com/en/players/matteo-martineau/mw76/overview
A. Gray,321,157,https://www.atptour.com/en/players/alastair-gray/g0ao/overview
A. Ghibaudo,322,157,https://www.atptour.com/en/players/antoine-ghibaudo/g0iw/overview
M. Jones,323,156,https://www.atptour.com/en/players/maximus-jones/j0d2/overview
J. Torres,324,156,https://www.atptour.com/en/players/juan-bautista-torres/t0dm/overview
G. Hussey,325,156,https://www.atptour.com/en/players/giles-hussey/h0dc/overview
R. Tokuda,326,155,https://www.atptour.com/en/players/renta-tokuda/td55/overview
F. Bondioli,327,155,https://www.atptour.com/en/players/federico-bondioli/b0pe/overview
S. Purtseladze,328,153,https://www.atptour.com/en/players/saba-purtseladze/p0ea/overview
C. Stebe,329,152,https://www.atptour.com/en/players/cedrik-marcel-stebe/sk94/overview
A. Boitan,330,152,https://www.atptour.com/en/players/adrian-boitan/b0c0/overview
B. Bicknell,331,151,https://www.atptour.com/en/players/blaise-bicknell/b0i5/overview
A. Santillan,332,151,https://www.atptour.com/en/players/akira-santillan/sq80/overview
O. Tarvet,333,150,https://www.atptour.com/en/players/oliver-tarvet/t0gr/overview
B. Hassan,334,150,https://www.atptour.com/en/players/benjamin-hassan/hg94/overview
S. Kwon,335,150,https://www.atptour.com/en/players/soonwoo-kwon/kf17/overview
T. Wu,336,150,https://www.atptour.com/en/players/tung-lin-wu/w857/overview
S. Cuenin,337,149,https://www.atptour.com/en/players/sean-cuenin/c0jx/overview
A. Guerrieri,338,149,https://www.atptour.com/en/players/andrea-guerrieri/g0a0/overview
M. Kouame,339,148,https://www.atptour.com/en/players/moise-kouame/k0o4/overview
M. Huesler,340,148,https://www.atptour.com/en/players/marc-andrea-huesler/hh06/overview
N. Gombos,341,148,https://www.atptour.com/en/players/norbert-gombos/gb93/overview
A. Rybakov,342,148,https://www.atptour.com/en/players/alex-rybakov/rg42/overview
M. Polmans,343,148,https://www.atptour.com/en/players/marc-polmans/pg94/overview
P. Bar Biryukov,344,148,https://www.atptour.com/en/players/petr-bar-biryukov/b0lq/overview
A. Ilagan,345,148,https://www.atptour.com/en/players/andre-ilagan/i0b0/overview
N. Kicker,346,146,https://www.atptour.com/en/players/nicolas-kicker/kc29/overview
G. Blancaneaux,347,146,https://www.atptour.com/en/players/geoffrey-blancaneaux/bu54/overview
J. Trotter,348,145,https://www.atptour.com/en/players/james-trotter/t0bw/overview
T. Daniel,349,144,https://www.atptour.com/en/players/taro-daniel/da81/overview
D. Blanch,350,144,https://www.atptour.com/en/players/dali-blanch/b0jp/overview
H. Habib,351,143,https://www.atptour.com/en/players/hady-habib/hf80/overview
M. Alkaya,352,143,https://www.atptour.com/en/players/mert-alkaya/a09q/overview
F. Andaloro,353,142,https://www.atptour.com/en/players/fabrizio-andaloro/a0f3/overview
P. Sekulic,354,141,https://www.atptour.com/en/players/philip-sekulic/s0ti/overview
C. Hemery,355,141,https://www.atptour.com/en/players/calvin-hemery/hb48/overview
I. Xilas,356,141,https://www.atptour.com/en/players/ioannis-xilas/x01c/overview
C. Sanchez Jover,357,141,https://www.atptour.com/en/players/carlos-sanchez-jover/s0cg/overview
M. Erhard,358,139,https://www.atptour.com/en/players/mathys-erhard/e0ac/overview
M. Alcala Gurri,359,138,https://www.atptour.com/en/players/max-alcala-gurri/a0ea/overview
B. Gadamauri,360,137,https://www.atptour.com/en/players/buvaysar-gadamauri/g0cv/overview
T. Paris,361,136,https://www.atptour.com/en/players/tom-paris/p0gn/overview
O. Prihodko,362,136,https://www.atptour.com/en/players/oleg-prihodko/pl64/overview
J. La Serna,363,135,https://www.atptour.com/en/players/juan-manuel-la-serna/l0gr/overview
G. Piraino,364,135,https://www.atptour.com/en/players/gabriele-piraino/p0i6/overview
I. Montes-De La Torre,365,135,https://www.atptour.com/en/players/inaki-montes-de-la-torre/m0nl/overview
H. Matsuoka,366,134,https://www.atptour.com/en/players/hayato-matsuoka/m0sc/overview
V. Bielinskyi,367,132,https://www.atptour.com/en/players/viacheslav-bielinskyi/b0ll/overview
D. Milavsky,368,132,https://www.atptour.com/en/players/daniel-milavsky/m0rg/overview
S. Shin,369,132,https://www.atptour.com/en/players/sanhui-shin/s09p/overview
C. Caniato,370,131,https://www.atptour.com/en/players/carlo-alberto-caniato/c0lk/overview
M. Gengel,371,131,https://www.atptour.com/en/players/marek-gengel/g09c/overview
G. Villanueva,372,131,https://www.atptour.com/en/players/gonzalo-villanueva/v821/overview
F. Broska,373,130,https://www.atptour.com/en/players/florian-broska/b0c5/overview
D. Masur,374,130,https://www.atptour.com/en/players/daniel-masur/mn20/overview
M. Pucinelli De Almeida,375,130,https://www.atptour.com/en/players/matheus-pucinelli-de-almeida/p0df/overview
C. Cretu,376,130,https://www.atptour.com/en/players/cezar-cretu/c0b2/overview
D. Dutra da Silva,377,130,https://www.atptour.com/en/players/daniel-dutra-da-silva/sg56/overview
Y. Shimizu,378,129,https://www.atptour.com/en/players/yuta-shimizu/s0aq/overview
O. Roca Batalla,379,129,https://www.atptour.com/en/players/oriol-roca-batalla/rb60/overview
D. Martin,380,128,https://www.atptour.com/en/players/dan--martin/m0c2/overview
L. Tu,381,128,https://www.atptour.com/en/players/li-tu/tc01/overview
F. Romano,382,128,https://www.atptour.com/en/players/filippo-romano/r0hk/overview
S. Fomin,383,128,https://www.atptour.com/en/players/sergey-fomin/f0a3/overview
L. Ambrogi,384,128,https://www.atptour.com/en/players/luciano-emanuel-ambrogi/a0ik/overview
M. Brunold,385,127,https://www.atptour.com/en/players/mika-brunold/b0lw/overview
D. Jorda Sanchis,386,127,https://www.atptour.com/en/players/david-jorda-sanchis/j476/overview
M. Sharipov,387,126,https://www.atptour.com/en/players/marat-sharipov/s0mn/overview
A. Soriano Barrera,388,125,https://www.atptour.com/en/players/adria-soriano-barrera/s0bt/overview
E. Ribeiro,389,125,https://www.atptour.com/en/players/eduardo-ribeiro/r09v/overview
T. Colson,390,125,https://www.atptour.com/en/players/tibo-colson/c0i4/overview
A. Fenty,391,125,https://www.atptour.com/en/players/andrew-fenty/f0ck/overview
G. Johns,392,125,https://www.atptour.com/en/players/garrett-johns/j0b5/overview
T. Svajda,393,124,https://www.atptour.com/en/players/trevor-svajda/s0vm/overview
M. Moeller,394,123,https://www.atptour.com/en/players/marvin-moeller/m0bn/overview
C. Negritu,395,123,https://www.atptour.com/en/players/christoph-negritu/n731/overview
Y. Erel,396,122,https://www.atptour.com/en/players/yanki-erel/e0aa/overview
T. Compagnucci,397,122,https://www.atptour.com/en/players/tommaso-compagnucci/c0bb/overview
J. Cui,398,121,https://www.atptour.com/en/players/jie-cui/c0aj/overview
P. Zahraj,399,121,https://www.atptour.com/en/players/patrick-zahraj/z09f/overview
F. Bagnis,400,120,https://www.atptour.com/en/players/facundo-bagnis/bf23/overview
